<?xml version="1.0" encoding="UTF-8"?>
<metadata>
  <groupId>org.jxls</groupId>
  <artifactId>jxls</artifactId>
  <versioning>
    <latest>2.9.0</latest>
    <release>2.9.0</release>
    <versions>
      <version>2.0.0</version>
      <version>2.1.0</version>
      <version>2.1.1</version>
      <version>2.2.0</version>
      <version>2.2.1</version>
      <version>2.2.2</version>
      <version>2.2.3</version>
      <version>2.2.4</version>
      <version>2.2.5</version>
      <version>2.2.6</version>
      <version>2.2.7</version>
      <version>2.2.8</version>
      <version>2.2.9</version>
      <version>2.3.0</version>
      <version>2.4.0</version>
      <version>2.4.1</version>
      <version>2.4.2</version>
      <version>2.4.3</version>
      <version>2.4.4</version>
      <version>2.4.5</version>
      <version>2.4.6</version>
      <version>2.4.7</version>
      <version>2.5.0</version>
      <version>2.5.1</version>
      <version>2.6.0-rc1</version>
      <version>2.6.0</version>
      <version>2.7.0</version>
      <version>2.7.1</version>
      <version>2.7.2</version>
      <version>2.8.0-rc2</version>
      <version>2.8.0-rc3</version>
      <version>2.8.0</version>
      <version>2.8.1</version>
      <version>2.9.0-rc1</version>
      <version>2.9.0</version>
    </versions>
    <lastUpdated>20201101101917</lastUpdated>
  </versioning>
</metadata>
